" User ID "," User Name "," First Name "," Last Name "," Email ID "," Nick Name "," User Role "," Registered Date "
"76","emmanuel.lakin","Judson","Larson","reece34@example.com","bdoyle","Contributor","2021-03-11 14:40:04"
"1","deepench","","","deependra.we@gmail.com","deepench","Administrator","2021-03-02 11:18:21"
"51","marion07","Desiree","Spinka","ijakubowski@example.org","ehackett","Administrator","2021-03-09 04:48:42"
"59","henriette.doyle","Gay","Goodwin","rowe.dan@example.net","feest.deontae","Administrator","2021-03-08 23:26:58"
"66","anderson.bailey","Alberto","Daugherty","cgrady@example.net","christiana75","Subscriber","2021-03-10 22:10:30"
"54","mohammed.crona","Holly","Rutherford","dedrick93@example.com","pbogisich","Administrator","2021-03-08 14:33:46"
"52","ufay","Estefania","Gleichner","dudley42@example.com","eulah.blick","Administrator","2021-03-09 01:27:24"
"77","gage76","Kayleigh","King","kaylie.kulas@example.net","deffertz","Contributor","2021-03-11 01:39:27"
"74","qbrekke","Gino","Nicolas","talon.bergnaum@example.net","janick.collins","Contributor","2021-03-12 01:23:21"
"63","yrowe","Benjamin","Halvorson","pearl.hackett@example.org","hwilkinson","Subscriber","2021-03-10 15:08:34"
"69","shemar41","Khalil","Langosh","yost.roscoe@example.com","koelpin.maymie","Author","2021-03-10 14:37:27"
"62","ullrich.jennings","Hayley","Gibson","erwin82@example.org","jerald.kub","Subscriber","2021-03-10 20:37:04"
"67","unienow","Mireya","Franecki","willis30@example.org","rpollich","Author","2021-03-10 06:29:43"
"58","mheaney","Hanna","Halvorson","winona06@example.com","myrtice.schinner","Administrator","2021-03-08 05:48:13"
"65","bertram.bogisich","Flavie","Runte","bernardo58@example.net","keon.renner","Subscriber","2021-03-10 20:21:35"
"60","jerrold01","Jerald","Ortiz","mckenzie.jacynthe@example.com","egleason","Administrator","2021-03-08 18:53:23"
"53","wisozk.alison","Alison","Pfannerstill","blockman@example.com","haskell.spencer","Administrator","2021-03-09 04:32:03"
"57","fabian.sawayn","Brooke","Krajcik","asia85@example.com","cschultz","Administrator","2021-03-08 12:49:09"
"71","aron38","Heloise","McKenzie","kailyn.johns@example.net","donnelly.sherwood","Author","2021-03-10 08:41:51"
"55","luettgen.wendy","Kiana","Zulauf","sboyer@example.net","yjacobs","Administrator","2021-03-08 15:19:32"
"64","virginia39","Zane","Bailey","wcruickshank@example.net","ibarton","Subscriber","2021-03-10 19:54:49"
"61","hermiston.madisyn","Lisa","DuBuque","morgan18@example.com","nwhite","Administrator","2021-03-08 03:41:47"
"78","crooks.destiney","Helga","Schultz","zdouglas@example.org","saul55","Contributor","2021-03-11 22:26:10"
"70","daniella97","Alexzander","McDermott","keeling.ola@example.org","kathlyn57","Author","2021-03-10 01:19:42"
"79","mireille.little","Selina","Jones","umohr@example.net","vokon","Contributor","2021-03-11 23:32:32"
"73","ivory.ullrich","Aditya","Emard","eileen93@example.org","lesch.darrin","Contributor","2021-03-11 14:19:09"
"75","jamal.goyette","Bernie","Conroy","streich.rodrigo@example.org","khand","Contributor","2021-03-11 12:36:37"
"72","breanna.morissette","Frederik","Koss","zwuckert@example.com","jocelyn.oberbrunner","Author","2021-03-11 02:38:11"
"56","trent35","Gracie","Botsford","boyer.gail@example.com","harvey.elouise","Administrator","2021-03-09 01:45:01"
"68","ines07","Augusta","Smith","walker.tony@example.com","ebert.ciara","Author","2021-03-11 01:11:13"
